gene,cluster_id,logFC,AveExpr,t,p_val,p_adj.loc,p_adj.glb,stage,AnnotationMain
LDHB,ciliated,-0.509040172,19.77342997,-4.650491765,3.94E-06,0.012558415,0.012330468,mild-ENDO,epithelial
EAPP,ciliated,-0.360814824,19.084047,-4.597973987,5.04E-06,0.012849098,0.01463525,mild-ENDO,epithelial
SSU72,dS1-myofibroblast,0.25451176,19.24343101,4.93379172,8.68E-07,0.003114067,0.004194769,severe-ENDO,mesenchymal
CAVIN3,dS1-myofibroblast,0.258848704,19.3841966,4.71978311,2.51E-06,0.005334433,0.008614844,severe-ENDO,mesenchymal
SSU72,dS1-myofibroblast,0.250202443,19.18208186,4.844988282,1.34E-06,0.009828349,0.014572347,all-ENDO,mesenchymal
XRN2,dS2,-0.107768093,18.97571351,-4.913266441,9.12E-07,0.014795279,0.079440051,mild-ENDO,mesenchymal
SPEN,EC-tip,0.32096967,18.82411977,6.572942932,6.09E-11,2.91E-07,8.41E-07,mild-ENDO,endothelial
PEF1,EC-tip,-0.199246439,18.88245634,-5.018141176,5.62E-07,0.00089332,0.002821144,mild-ENDO,endothelial
PTPN14,EC-tip,0.361739056,18.88283264,5.964701315,5.50E-06,0.006047083,0.015171462,mild-ENDO,endothelial
PTRHD1,EC-tip,-0.287938838,19.07574972,-6.690159401,2.80E-11,2.91E-07,8.41E-07,mild-ENDO,endothelial
ARHGAP31,EC-tip,0.268371295,18.8863418,5.42618445,6.37E-08,0.000151779,0.00050215,mild-ENDO,endothelial
SKIL,EC-tip,0.268001963,18.73839133,5.431171477,6.19E-08,0.000151779,0.00050215,mild-ENDO,endothelial
AIMP1,EC-tip,-0.171031801,18.91691563,-4.076174331,4.74E-05,0.03386592,0.081697922,mild-ENDO,endothelial
PREX2,EC-tip,0.355550935,19.01358118,6.174056774,7.86E-10,2.81E-06,8.68E-06,mild-ENDO,endothelial
MRPS16,EC-tip,-0.210278065,18.98508013,-4.958880233,7.61E-07,0.001088943,0.00350261,mild-ENDO,endothelial
ARCN1,EC-tip,0.240735861,18.79784979,5.144214211,2.92E-07,0.000595815,0.002012277,mild-ENDO,endothelial
ZCRB1,EC-tip,-0.171955109,18.90943,-4.184034228,2.97E-05,0.023620241,0.056588339,mild-ENDO,endothelial
CAND1,EC-tip,0.318599079,18.80823073,6.60809226,4.83E-11,2.91E-07,8.41E-07,mild-ENDO,endothelial
MYCBP2,EC-tip,0.230490344,18.91283115,4.621625008,4.02E-06,0.004791844,0.012330468,mild-ENDO,endothelial
TP53BP1,EC-tip,0.200938298,18.60259799,4.801722656,1.68E-06,0.002178305,0.006165781,mild-ENDO,endothelial
SMG1,EC-tip,0.228758507,18.86145801,4.522607533,6.42E-06,0.006560921,0.016115296,mild-ENDO,endothelial
EPN2,EC-tip,0.203378069,18.78401057,4.476290951,7.97E-06,0.007213271,0.017133536,mild-ENDO,endothelial
TAOK1,EC-tip,0.288950318,18.90759098,5.24221984,4.08E-05,0.030733393,0.072706046,mild-ENDO,endothelial
MRPL54,EC-tip,-0.211701367,18.96655973,-5.080686304,4.07E-07,0.000727038,0.002244993,mild-ENDO,endothelial
SAFB,EC-tip,0.204148352,18.79566499,4.473621491,8.07E-06,0.007213271,0.017133536,mild-ENDO,endothelial
ACSL4,EC-tip,0.191985022,18.74835353,4.259311418,2.13E-05,0.01795438,0.042075513,mild-ENDO,endothelial
EIF3I,EC-tip,0.228655514,19.84471548,3.952806875,7.91E-05,0.018935501,0.040141015,severe-ENDO,endothelial
JAK1,EC-tip,0.221143285,20.24780243,3.758421999,0.000174473,0.030524606,0.057948325,severe-ENDO,endothelial
NFE2L2,EC-tip,0.1982421,19.28869292,3.714259938,0.00020777,0.03325652,0.06175051,severe-ENDO,endothelial
SELENOK,EC-tip,0.236528526,19.20805022,4.444032779,0.000171551,0.030366587,0.057811084,severe-ENDO,endothelial
STAG1,EC-tip,-0.14194598,18.5815056,-3.57479129,0.000356419,0.044390576,0.078512324,severe-ENDO,endothelial
CAST,EC-tip,0.243204178,19.56854224,4.358448047,1.36E-05,0.008177189,0.016386853,severe-ENDO,endothelial
EPB41L2,EC-tip,-0.163928955,18.71388471,-3.619771809,0.000300076,0.041421434,0.074205007,severe-ENDO,endothelial
SMIM19,EC-tip,-0.141998332,18.60106939,-3.667349187,0.000249629,0.036114651,0.06625877,severe-ENDO,endothelial
FRG1HP,EC-tip,-0.199799159,18.59104148,-4.428830611,0.000335409,0.043504917,0.076706039,severe-ENDO,endothelial
SLC3A2,EC-tip,0.193823707,19.25581605,3.558757802,0.000378791,0.045962072,0.080620435,severe-ENDO,endothelial
IKBIP,EC-tip,0.213089202,19.10781898,4.225224681,2.46E-05,0.012370278,0.024935506,severe-ENDO,endothelial
FBXO21,EC-tip,-0.194504874,18.85151705,-4.027355308,0.000408412,0.048769545,0.084568289,severe-ENDO,endothelial
TPP2,EC-tip,-0.165681088,18.6171633,-4.014481056,6.11E-05,0.017689836,0.03623227,severe-ENDO,endothelial
PRKAR1A,EC-tip,0.208564781,19.63697082,3.697051705,0.000222294,0.034304475,0.063336376,severe-ENDO,endothelial
TGFB1,EC-tip,0.23078273,19.40592785,4.232705775,2.38E-05,0.012370278,0.024935506,severe-ENDO,endothelial
SELENOK,EC-tip,0.234546466,19.16894338,4.555321779,5.42E-06,0.009247375,0.025309652,all-ENDO,endothelial
CAST,EC-tip,0.241201018,19.54892298,4.313815551,1.65E-05,0.019508256,0.048202216,all-ENDO,endothelial
FBXO21,EC-tip,-0.195610597,18.84059283,-4.140588513,3.55E-05,0.021808533,0.056523654,all-ENDO,endothelial
TPP2,EC-tip,-0.166915186,18.61711603,-4.056326078,5.10E-05,0.025261922,0.063790573,all-ENDO,endothelial
PRMT1,eF,-0.252712312,19.35592736,-4.983240274,6.87E-07,0.009238407,0.015616585,mild-ENDO,mesenchymal
SRM,eF,0.31530469,18.73077951,2.834274389,0.017864034,0.03791982,0.099211404,severe-ENDO,mesenchymal
SH3BGRL3,eF,0.447104937,20.44326108,2.740184456,0.020210539,0.041299082,0.099211404,severe-ENDO,mesenchymal
JAK1,eF,0.26115798,19.67057513,2.582885599,0.023816962,0.046503166,0.100616564,severe-ENDO,mesenchymal
ENSG00000285641.1,eF,0.31354009,19.51297993,4.669272019,0.00109388,0.02156448,0.093085958,severe-ENDO,mesenchymal
MRPL24,eF,-0.142417797,18.57418078,-2.704468361,0.019483825,0.040231199,0.099211404,severe-ENDO,mesenchymal
TAGLN2,eF,0.365676679,19.57002055,2.948462707,0.016569217,0.036061379,0.099211404,severe-ENDO,mesenchymal
COPA,eF,0.165898844,19.01024659,3.31000085,0.000943378,0.02156448,0.089810313,severe-ENDO,mesenchymal
ATP2B4,eF,-0.174278938,18.70264565,-3.095280031,0.010432927,0.027301186,0.099211404,severe-ENDO,mesenchymal
RNF187,eF,0.139389089,18.80038786,3.393121966,0.000699474,0.02156448,0.080161614,severe-ENDO,mesenchymal
TMEM18,eF,-0.092418864,18.63863495,-2.284256344,0.022422186,0.04440773,0.099597613,severe-ENDO,mesenchymal
XPO1,eF,-0.217707465,18.63589568,-4.484896081,7.55E-06,0.001093219,0.003101659,severe-ENDO,mesenchymal
PCBP1,eF,0.521926228,20.27635359,2.618821022,0.025435776,0.04880297,0.101956982,severe-ENDO,mesenchymal
TMSB10,eF,0.655021459,23.60692288,3.10329754,0.012054835,0.02957128,0.099211404,severe-ENDO,mesenchymal
ACTR3,eF,0.206710977,19.28082027,3.027744135,0.016692227,0.036232186,0.099211404,severe-ENDO,mesenchymal
SSB,eF,0.231616246,19.47062474,3.088831507,0.015812922,0.035064246,0.099211404,severe-ENDO,mesenchymal
COL5A2,eF,0.457717936,20.29114968,3.071603725,0.012576934,0.030324464,0.099211404,severe-ENDO,mesenchymal
SF3B1,eF,0.249010958,19.75233893,3.222229303,0.017000863,0.036671968,0.099211404,severe-ENDO,mesenchymal
BZW1,eF,0.180966079,19.30283186,3.447643086,0.000572854,0.02156448,0.073667794,severe-ENDO,mesenchymal
UQCRC1,eF,0.23864796,19.41714103,3.742127606,0.005630796,0.02188331,0.099211404,severe-ENDO,mesenchymal
RHOA,eF,0.377456803,20.63779556,4.290430224,0.007247618,0.023577501,0.099211404,severe-ENDO,mesenchymal
ARF4,eF,0.388146515,20.50170604,2.974233861,0.013264676,0.031338863,0.099211404,severe-ENDO,mesenchymal
THOC7,eF,-0.102642815,18.57880252,-2.682877811,0.007337005,0.023689031,0.099211404,severe-ENDO,mesenchymal
RPN1,eF,0.282706344,19.63215184,3.171180704,0.010884845,0.027896933,0.099211404,severe-ENDO,mesenchymal
SEC31A,eF,0.236808948,19.94845375,3.288458528,0.008162205,0.02455362,0.099211404,severe-ENDO,mesenchymal
CFAP97,eF,-0.098970767,18.5510373,-2.527518983,0.011535303,0.028803812,0.099211404,severe-ENDO,mesenchymal
GPX8,eF,0.212963075,19.0663696,2.806545273,0.017462401,0.037311367,0.099211404,severe-ENDO,mesenchymal
PIK3R1,eF,-0.312523587,19.04650566,-3.485467464,0.008259712,0.02465091,0.099211404,severe-ENDO,mesenchymal
SNX2,eF,-0.100848212,18.5537056,-2.595956207,0.009476278,0.026070112,0.099211404,severe-ENDO,mesenchymal
SKP1,eF,0.231537003,20.63155679,3.189371531,0.013735438,0.032058585,0.099211404,severe-ENDO,mesenchymal
MARCKS,eF,0.459629457,20.36468026,3.264493172,0.008720696,0.025117473,0.099211404,severe-ENDO,mesenchymal
ESR1,eF,-0.282002498,19.26926997,-3.502777517,0.0119699,0.029420467,0.099211404,severe-ENDO,mesenchymal
ACTB,eF,0.415915608,24.18642276,2.728035037,0.02205317,0.04395449,0.099409899,severe-ENDO,mesenchymal
GNB2,eF,0.283036262,19.48845298,3.722966166,0.005662578,0.021909522,0.099211404,severe-ENDO,mesenchymal
TRIP6,eF,-0.101303357,18.67343879,-2.370801632,0.017808937,0.037850906,0.099211404,severe-ENDO,mesenchymal
ZNHIT1,eF,0.135505979,19.25036479,2.593769306,0.009536631,0.026114206,0.099211404,severe-ENDO,mesenchymal
CALD1,eF,0.438695249,21.62860271,2.591750885,0.024987999,0.048126286,0.101542444,severe-ENDO,mesenchymal
TCIM,eF,0.312311254,19.09145807,3.711064502,0.007198275,0.023548189,0.099211404,severe-ENDO,mesenchymal
DNAJA1,eF,0.266301201,19.77731598,2.766323174,0.020306991,0.041451158,0.099211404,severe-ENDO,mesenchymal
RSU1,eF,0.139056955,18.89079175,2.985507651,0.002852696,0.02156448,0.099211404,severe-ENDO,mesenchymal
ITGB1,eF,0.269273997,20.95187404,2.743619237,0.019449805,0.040193957,0.099211404,severe-ENDO,mesenchymal
CXCL12,eF,-0.277894771,18.53245278,-3.033878943,0.010903044,0.027915057,0.099211404,severe-ENDO,mesenchymal
SAR1A,eF,0.114115399,18.75705285,2.679877443,0.007402939,0.023715633,0.099211404,severe-ENDO,mesenchymal
NOLC1,eF,-0.111697943,18.66614949,-2.478857038,0.01323198,0.031286171,0.099211404,severe-ENDO,mesenchymal
CD151,eF,0.227653728,19.60268683,3.121789344,0.022721365,0.044846838,0.099748217,severe-ENDO,mesenchymal
CAVIN3,eF,0.26223019,19.11710939,3.353572075,0.009116032,0.025631815,0.099211404,severe-ENDO,mesenchymal
RCN1,eF,0.349031921,20.17370826,4.027305869,0.003386013,0.02156448,0.099211404,severe-ENDO,mesenchymal
ENSG00000286264.2,eF,-0.090396253,18.72329601,-2.257100004,0.024069519,0.046862554,0.100745896,severe-ENDO,mesenchymal
CFL1,eF,0.452881035,21.87965006,3.015968385,0.014542226,0.033250734,0.099211404,severe-ENDO,mesenchymal
SF3B2,eF,0.256532626,19.59334435,3.653145066,0.010942149,0.027948911,0.099211404,severe-ENDO,mesenchymal
PPP1CA,eF,0.172711885,19.21025447,3.391943057,0.00070248,0.02156448,0.080356611,severe-ENDO,mesenchymal
NDUFC2,eF,0.102815054,19.31193893,2.272860228,0.023101151,0.045471234,0.100033434,severe-ENDO,mesenchymal
MGP,eF,0.789743817,20.60088152,3.265650744,0.008830918,0.025270528,0.099211404,severe-ENDO,mesenchymal
BICD1,eF,-0.17424602,18.53344536,-3.733420766,0.000192211,0.015723699,0.037859326,severe-ENDO,mesenchymal
SARNP,eF,-0.129177315,18.56035879,-4.064312979,4.93E-05,0.005193678,0.013431561,severe-ENDO,mesenchymal
IKBIP,eF,0.177482452,18.88740327,3.253657613,0.015350089,0.03440285,0.099211404,severe-ENDO,mesenchymal
ARPC3,eF,0.256564388,20.00788934,2.869517021,0.020453535,0.041676811,0.099211404,severe-ENDO,mesenchymal
ATXN2,eF,-0.161179923,18.60709081,-2.696031982,0.01909784,0.039726463,0.099211404,severe-ENDO,mesenchymal
FBXO21,eF,-0.096642919,18.53335428,-2.339115446,0.019391161,0.040136931,0.099211404,severe-ENDO,mesenchymal
DYNLL1,eF,0.351262561,20.4941754,3.019747986,0.013955039,0.032366826,0.099211404,severe-ENDO,mesenchymal
UBC,eF,0.329812266,21.27186743,3.089656439,0.012004723,0.029490817,0.099211404,severe-ENDO,mesenchymal
MICU2,eF,-0.195079024,18.54519905,-3.133782077,0.008403287,0.024834429,0.099211404,severe-ENDO,mesenchymal
ALG5,eF,-0.102824198,18.56327751,-2.633588936,0.008489757,0.024887967,0.099211404,severe-ENDO,mesenchymal
COL4A2,eF,0.457384037,20.85543115,2.833555248,0.01715428,0.036881335,0.099211404,severe-ENDO,mesenchymal
RTRAF,eF,0.136604457,19.40763302,2.562195397,0.010447029,0.027316665,0.099211404,severe-ENDO,mesenchymal
DIO2,eF,0.611135159,20.22088036,2.758489679,0.020619452,0.041878828,0.099211404,severe-ENDO,mesenchymal
KATNBL1,eF,-0.116199152,18.61522398,-2.669222272,0.007641411,0.023977176,0.099211404,severe-ENDO,mesenchymal
SRP14,eF,0.279710122,20.95630239,2.956258223,0.017611198,0.037541957,0.099211404,severe-ENDO,mesenchymal
B2M,eF,0.433854798,22.75343564,2.808265771,0.019479331,0.040231199,0.099211404,severe-ENDO,mesenchymal
EID1,eF,0.379027721,20.53569425,3.671313186,0.008381847,0.02480146,0.099211404,severe-ENDO,mesenchymal
ANXA2,eF,0.56173997,20.63911536,3.345042611,0.00700381,0.023363766,0.099211404,severe-ENDO,mesenchymal
SNX1,eF,-0.106717523,18.60052335,-2.548806049,0.010855908,0.027855649,0.099211404,severe-ENDO,mesenchymal
PKM,eF,0.308060418,19.79680202,2.993830596,0.012089411,0.029622304,0.099211404,severe-ENDO,mesenchymal
MORF4L1,eF,0.293899945,20.44239614,5.007533923,0.008871376,0.02534775,0.099211404,severe-ENDO,mesenchymal
MESD,eF,0.11844941,19.18830198,2.318243654,0.020499314,0.041736192,0.099211404,severe-ENDO,mesenchymal
MFGE8,eF,0.302222764,19.77568716,2.761799893,0.019991216,0.040980322,0.099211404,severe-ENDO,mesenchymal
RBBP6,eF,-0.12122029,18.74977398,-2.614658817,0.008973889,0.025489354,0.099211404,severe-ENDO,mesenchymal
ALDOA,eF,0.485639632,20.53841289,3.304468169,0.007271304,0.023577501,0.099211404,severe-ENDO,mesenchymal
VKORC1,eF,0.209872004,19.40172711,2.768134241,0.022802582,0.044983548,0.099838615,severe-ENDO,mesenchymal
TGFB1I1,eF,0.352425445,19.56258695,3.803621025,0.00471638,0.02156448,0.099211404,severe-ENDO,mesenchymal
PSMB6,eF,0.206592584,19.45783314,2.890076094,0.024169379,0.046995286,0.100796711,severe-ENDO,mesenchymal
GABARAP,eF,0.409451704,21.20340079,2.985678061,0.015023737,0.033938834,0.099211404,severe-ENDO,mesenchymal
ELP5,eF,-0.219403017,18.57084893,-3.889757007,0.003508224,0.02156448,0.099211404,severe-ENDO,mesenchymal
EIF1,eF,0.311317789,21.42695252,2.89716818,0.015465698,0.034531709,0.099211404,severe-ENDO,mesenchymal
RAB5C,eF,0.098415142,18.88408661,2.420737947,0.015544783,0.034628716,0.099211404,severe-ENDO,mesenchymal
GRN,eF,0.182789141,19.34191784,3.420212962,0.000633618,0.02156448,0.076802792,severe-ENDO,mesenchymal
MCRIP1,eF,0.137379124,18.90798168,3.041360068,0.002374364,0.02156448,0.099211404,severe-ENDO,mesenchymal
ENSG00000167774.2,eF,-0.09833063,18.53594149,-2.922608145,0.025496306,0.048894178,0.102024939,severe-ENDO,mesenchymal
NDUFA7,eF,-0.099308088,18.56695259,-3.294842215,0.000995583,0.02156448,0.091065141,severe-ENDO,mesenchymal
PRKCSH,eF,0.22016595,19.17502027,3.212577841,0.013930435,0.032350084,0.099211404,severe-ENDO,mesenchymal
WDR83OS,eF,-0.201066323,18.74420134,-3.417027254,0.010238026,0.02703083,0.099211404,severe-ENDO,mesenchymal
CALR,eF,0.399141302,21.23512,2.64396672,0.024342689,0.047199041,0.100939705,severe-ENDO,mesenchymal
TPM4,eF,0.541515868,21.56832676,4.509567009,0.001305167,0.02156448,0.09610445,severe-ENDO,mesenchymal
FKBP8,eF,0.189874867,19.07373763,3.909709683,9.43E-05,0.009161221,0.02240734,severe-ENDO,mesenchymal
NAPA,eF,0.111510544,18.82273852,2.549446095,0.010836043,0.027833766,0.099211404,severe-ENDO,mesenchymal
KDELR1,eF,0.350115655,20.31173163,2.921228966,0.014824446,0.033655741,0.099211404,severe-ENDO,mesenchymal
PTOV1,eF,0.310510908,19.32337302,3.449761515,0.006731509,0.022985343,0.099211404,severe-ENDO,mesenchymal
CSNK2A1,eF,-0.104414786,18.70361294,-2.418405004,0.015644629,0.034783303,0.099211404,severe-ENDO,mesenchymal
DSTN,eF,0.310734228,19.96170022,4.988197351,0.001797389,0.02156448,0.099211404,severe-ENDO,mesenchymal
MAPRE1,eF,-0.124577362,18.54978791,-3.20478958,0.014910564,0.033793684,0.099211404,severe-ENDO,mesenchymal
RALY,eF,0.242323516,19.27717708,2.726526835,0.01901456,0.039618932,0.099211404,severe-ENDO,mesenchymal
TOP1,eF,0.157178249,19.36858975,2.934941127,0.00336004,0.02156448,0.099211404,severe-ENDO,mesenchymal
YWHAB,eF,0.286115963,20.32647204,3.615114164,0.014469414,0.033126926,0.099211404,severe-ENDO,mesenchymal
XBP1,eF,0.271029173,19.30662651,2.787159804,0.018383236,0.038689103,0.099211404,severe-ENDO,mesenchymal
MYH9,eF,0.342244263,20.20689306,3.539975121,0.004333317,0.02156448,0.099211404,severe-ENDO,mesenchymal
PGK1,eF,0.264931108,19.48710657,2.963702535,0.015526923,0.034603382,0.099211404,severe-ENDO,mesenchymal
MORF4L2,eF,0.265319918,19.51935221,4.576789462,0.003321236,0.02156448,0.099211404,severe-ENDO,mesenchymal
ARHGAP4,eF,-0.140563114,18.55347163,-4.40406904,1.10E-05,0.001436454,0.00412866,severe-ENDO,mesenchymal
SRM,eF,0.305229662,18.70076923,3.012009718,0.009932456,0.021993091,0.096209224,all-ENDO,mesenchymal
CDC42,eF,0.230418154,19.73105643,2.54303353,0.024419994,0.04341019,0.09720552,all-ENDO,mesenchymal
SH3BGRL3,eF,0.445253861,20.36387515,2.466745098,0.027804498,0.04814277,0.100198772,all-ENDO,mesenchymal
MIER1,eF,-0.122389713,18.53843128,-2.751876985,0.0290361,0.049827022,0.101631886,all-ENDO,mesenchymal
CCN1,eF,0.956207885,19.8583473,2.641319541,0.020080205,0.037203105,0.096209224,all-ENDO,mesenchymal
SH3GLB1,eF,0.156086246,18.88480849,2.536474991,0.022722037,0.040934235,0.096326834,all-ENDO,mesenchymal
ENSG00000285641.1,eF,0.295223998,19.44451784,3.354635266,0.005079269,0.01450762,0.079425269,all-ENDO,mesenchymal
MRPL24,eF,-0.143189705,18.56128846,-2.57548668,0.021846836,0.039711673,0.096232628,all-ENDO,mesenchymal
TAGLN2,eF,0.36042168,19.49542965,3.132237267,0.008972117,0.020518738,0.094286844,all-ENDO,mesenchymal
COPA,eF,0.162072032,18.99535843,3.245042757,0.001184758,0.011517954,0.069053961,all-ENDO,mesenchymal
EPHX1,eF,-0.135135548,18.67754351,-2.575213557,0.025255803,0.044556468,0.097781366,all-ENDO,mesenchymal
RNF187,eF,0.134910066,18.77471349,3.330256621,0.000876142,0.011517954,0.069053961,all-ENDO,mesenchymal
ODC1,eF,-0.148229228,18.53735574,-2.77728559,0.020073914,0.037195924,0.096209224,all-ENDO,mesenchymal
CFAP36,eF,-0.118545447,18.55423844,-2.795560803,0.023353468,0.04186712,0.096683817,all-ENDO,mesenchymal
XPO1,eF,-0.201589884,18.63360824,-3.076885807,0.013548803,0.027483133,0.096209224,all-ENDO,mesenchymal
PCBP1,eF,0.516952827,20.19715742,2.917283524,0.011846405,0.024831329,0.096209224,all-ENDO,mesenchymal
TMSB10,eF,0.652532034,23.49488478,2.849828976,0.013891022,0.027990081,0.096209224,all-ENDO,mesenchymal
CHMP3,eF,-0.090731808,18.65667636,-2.302495012,0.021362383,0.039001419,0.096209224,all-ENDO,mesenchymal
ACTR3,eF,0.202583959,19.25024167,2.998787004,0.014162362,0.028415721,0.096209224,all-ENDO,mesenchymal
RND3,eF,0.265640502,18.89115891,2.669360151,0.01883494,0.03536403,0.096209224,all-ENDO,mesenchymal
SSB,eF,0.228524841,19.44130157,2.834546762,0.016410478,0.031784722,0.096209224,all-ENDO,mesenchymal
COL5A2,eF,0.454946694,20.27197477,2.74431011,0.016859688,0.032425377,0.096209224,all-ENDO,mesenchymal
SF3B1,eF,0.241883898,19.71522891,2.560164266,0.026539798,0.046312308,0.098958173,all-ENDO,mesenchymal
BZW1,eF,0.178263136,19.26403808,3.402112588,0.000675749,0.011517954,0.069053961,all-ENDO,mesenchymal
ARPC2,eF,0.271000697,20.11889746,2.747605603,0.018460292,0.034860385,0.096209224,all-ENDO,mesenchymal
HDLBP,eF,0.290296907,20.11175523,2.68262933,0.019092973,0.035726528,0.096209224,all-ENDO,mesenchymal
UQCRC1,eF,0.225503406,19.36488445,2.802678214,0.013982476,0.02813304,0.096209224,all-ENDO,mesenchymal
RHOA,eF,0.373658929,20.55168348,4.066870971,0.002414102,0.011538302,0.069218711,all-ENDO,mesenchymal
ARF4,eF,0.385607667,20.44813221,3.121930871,0.00761273,0.018439643,0.09053594,all-ENDO,mesenchymal
ARL6IP5,eF,-0.185140319,18.72629307,-2.778655146,0.018184924,0.034441755,0.096209224,all-ENDO,mesenchymal
IFT57,eF,-0.175763634,18.6350399,-2.68960069,0.015490517,0.03042385,0.096209224,all-ENDO,mesenchymal
RPN1,eF,0.281731232,19.5620166,3.632730654,0.003405415,0.012200287,0.071513779,all-ENDO,mesenchymal
SEC31A,eF,0.230054619,19.92291515,2.988423641,0.010192485,0.022366238,0.096209224,all-ENDO,mesenchymal
CFAP97,eF,-0.102225865,18.53709743,-2.630800482,0.008553638,0.019856614,0.093122012,all-ENDO,mesenchymal
MED10,eF,-0.163422894,18.61133636,-2.724186629,0.018891899,0.035444078,0.096209224,all-ENDO,mesenchymal
SUB1,eF,0.234556011,19.76347321,2.829837773,0.018631091,0.03506252,0.096209224,all-ENDO,mesenchymal
GPX8,eF,0.208330834,19.04002895,2.469081284,0.028207425,0.048715943,0.100690717,all-ENDO,mesenchymal
PIK3R1,eF,-0.314215722,19.0675868,-3.171910581,0.009379865,0.021165176,0.095330419,all-ENDO,mesenchymal
SNX3,eF,0.237344808,19.39200079,2.602990613,0.023885911,0.042663274,0.096794605,all-ENDO,mesenchymal
MARCKS,eF,0.452591858,20.28681573,2.768741352,0.015916894,0.031043488,0.096209224,all-ENDO,mesenchymal
CITED2,eF,0.171871133,18.53975409,2.84152626,0.020756048,0.038165945,0.096209224,all-ENDO,mesenchymal
ACTB,eF,0.413938087,24.08152796,2.476939778,0.027794131,0.048130233,0.100189918,all-ENDO,mesenchymal
RAC1,eF,0.271661675,20.34534533,2.502881792,0.028672943,0.049335789,0.101248983,all-ENDO,mesenchymal
TMEM106B,eF,-0.206894976,18.71181655,-2.480186592,0.028290288,0.048835634,0.100808732,all-ENDO,mesenchymal
TAX1BP1,eF,0.164226662,19.17505419,2.678439576,0.026526906,0.046305555,0.098957201,all-ENDO,mesenchymal
GNB2,eF,0.274509383,19.43104563,2.752456304,0.016864764,0.032428027,0.096209224,all-ENDO,mesenchymal
ZNHIT1,eF,0.131947128,19.19566489,2.532639434,0.011361634,0.024065392,0.096209224,all-ENDO,mesenchymal
WDR86,eF,-0.254631575,18.59226501,-2.68652029,0.016853136,0.032417812,0.096209224,all-ENDO,mesenchymal
TCIM,eF,0.315518822,19.05162627,3.093402428,0.009333254,0.021101487,0.095247229,all-ENDO,mesenchymal
DNAJA1,eF,0.256828414,19.73900084,2.991120766,0.011072725,0.023638525,0.096209224,all-ENDO,mesenchymal
ITGB1,eF,0.265776895,20.91525673,2.758422451,0.015879361,0.030985984,0.096209224,all-ENDO,mesenchymal
SAR1A,eF,0.110113171,18.73731688,2.583232447,0.009825872,0.021851354,0.096209224,all-ENDO,mesenchymal
PGAM1,eF,0.271945543,19.47935016,2.469602589,0.028369078,0.048927763,0.100880146,all-ENDO,mesenchymal
CD151,eF,0.226053856,19.52714675,3.609609048,0.011536072,0.024308872,0.096209224,all-ENDO,mesenchymal
CAVIN3,eF,0.254089027,19.08195233,2.584993409,0.02341728,0.041966863,0.096695346,all-ENDO,mesenchymal
RCN1,eF,0.344637207,20.10139237,3.715712106,0.00269136,0.011666659,0.069594822,all-ENDO,mesenchymal
RNASEH2C,eF,-0.121200667,18.68958727,-2.548364636,0.026897284,0.046824689,0.09935565,all-ENDO,mesenchymal
CFL1,eF,0.449517319,21.78697308,2.828133149,0.014817381,0.029435947,0.096209224,all-ENDO,mesenchymal
SF3B2,eF,0.251652695,19.53167037,3.402014833,0.006245384,0.016281039,0.085072495,all-ENDO,mesenchymal
PPP1CA,eF,0.170820543,19.15039071,2.821869034,0.018197175,0.034460718,0.096209224,all-ENDO,mesenchymal
GSTP1,eF,0.343828009,21.31884269,2.499069482,0.026650874,0.046469274,0.099055176,all-ENDO,mesenchymal
TPI1,eF,0.323754482,20.60484166,2.685333627,0.021882499,0.039753034,0.096232628,all-ENDO,mesenchymal
MGP,eF,0.78848689,20.48976111,3.082086072,0.008638641,0.019989691,0.093421319,all-ENDO,mesenchymal
ENSG00000285854.1,eF,-0.215122988,19.06336175,-3.146090559,0.01408028,0.028296549,0.096209224,all-ENDO,mesenchymal
MRPS35,eF,-0.094208926,18.55882143,-2.411183337,0.015949161,0.031094434,0.096209224,all-ENDO,mesenchymal
SARNP,eF,-0.124201574,18.53773829,-2.995799397,0.012658242,0.026115235,0.096209224,all-ENDO,mesenchymal
IKBIP,eF,0.162019459,18.87010049,2.643239759,0.027261847,0.047373651,0.099697842,all-ENDO,mesenchymal
CKAP4,eF,0.25109693,19.27042802,2.679553844,0.018486441,0.034897803,0.096209224,all-ENDO,mesenchymal
ATXN2,eF,-0.173408049,18.60647504,-2.637195149,0.021655794,0.039424511,0.096232628,all-ENDO,mesenchymal
DYNLL1,eF,0.352086303,20.43286728,2.798428944,0.015308975,0.030178927,0.096209224,all-ENDO,mesenchymal
COL4A2,eF,0.459035237,20.83085481,2.592730069,0.02197232,0.039850387,0.096232628,all-ENDO,mesenchymal
RTRAF,eF,0.131655456,19.35572249,2.467995328,0.013632011,0.027597385,0.096209224,all-ENDO,mesenchymal
DIO2,eF,0.608061331,20.17189122,2.870114336,0.013220203,0.026980078,0.096209224,all-ENDO,mesenchymal
KATNBL1,eF,-0.118987849,18.60491287,-2.762566739,0.005763153,0.015508743,0.08278764,all-ENDO,mesenchymal
SRP14,eF,0.279473016,20.88729519,2.598908042,0.023197812,0.041655967,0.096583565,all-ENDO,mesenchymal
EID1,eF,0.383323342,20.46294392,2.709880826,0.018726817,0.035216845,0.096209224,all-ENDO,mesenchymal
ANXA2,eF,0.558196826,20.54730375,3.303598912,0.005368186,0.014925846,0.080879652,all-ENDO,mesenchymal
SPG21,eF,0.122192894,18.90444446,2.576905243,0.028156208,0.048658731,0.100637186,all-ENDO,mesenchymal
PKM,eF,0.29932659,19.75463813,3.234639285,0.005773621,0.015525084,0.082860487,all-ENDO,mesenchymal
MORF4L1,eF,0.281752646,20.38848765,3.151636315,0.007899656,0.018889031,0.091299632,all-ENDO,mesenchymal
MFGE8,eF,0.298782052,19.69395717,2.784192075,0.015344123,0.030224997,0.096209224,all-ENDO,mesenchymal
RBBP6,eF,-0.123678211,18.72369676,-2.669755923,0.007623733,0.018457585,0.090541175,all-ENDO,mesenchymal
ALDOA,eF,0.48068533,20.44110349,3.183644643,0.006712786,0.017000572,0.086969859,all-ENDO,mesenchymal
TGFB1I1,eF,0.348563046,19.50886905,3.093406341,0.009450968,0.021275733,0.095550158,all-ENDO,mesenchymal
PSMB6,eF,0.203094394,19.39536352,2.800887748,0.019716952,0.036680152,0.096209224,all-ENDO,mesenchymal
ELP5,eF,-0.220199274,18.54198756,-3.98369035,0.001594991,0.011517954,0.069053961,all-ENDO,mesenchymal
RAB5C,eF,0.094070483,18.84271798,2.32145719,0.020316104,0.037537249,0.096209224,all-ENDO,mesenchymal
GRN,eF,0.178758918,19.3108155,3.349394578,0.000817972,0.011517954,0.069053961,all-ENDO,mesenchymal
NDUFA7,eF,-0.108437546,18.54668925,-2.678692051,0.022878349,0.041173541,0.096419296,all-ENDO,mesenchymal
PRKCSH,eF,0.218869962,19.14003135,2.990786147,0.012594035,0.02600898,0.096209224,all-ENDO,mesenchymal
WDR83OS,eF,-0.203517693,18.72422291,-3.043565734,0.010007452,0.022105113,0.096209224,all-ENDO,mesenchymal
CALR,eF,0.39486611,21.17519259,2.815240012,0.014496495,0.028955381,0.096209224,all-ENDO,mesenchymal
TPM4,eF,0.53880395,21.4985621,4.954690501,0.000325076,0.011517954,0.069053961,all-ENDO,mesenchymal
ISYNA1,eF,-0.199639726,18.68624944,-3.148466003,0.009088475,0.020704888,0.094552762,all-ENDO,mesenchymal
FKBP8,eF,0.185558191,19.04906447,3.833620026,0.000128366,0.011517954,0.057077219,all-ENDO,mesenchymal
PSMD8,eF,0.212119488,19.51436803,2.737788999,0.020893181,0.038335902,0.096209224,all-ENDO,mesenchymal
NAPA,eF,0.107640285,18.79641179,2.47866649,0.013231605,0.02698904,0.096209224,all-ENDO,mesenchymal
KDELR1,eF,0.343509527,20.23740054,2.613844731,0.020893291,0.038335902,0.096209224,all-ENDO,mesenchymal
PTOV1,eF,0.316818417,19.26349197,4.028559203,0.001670245,0.011517954,0.069053961,all-ENDO,mesenchymal
CSNK2A1,eF,-0.107733971,18.69295092,-2.509220508,0.012142094,0.025306437,0.096209224,all-ENDO,mesenchymal
DSTN,eF,0.286909814,19.91244859,3.186966667,0.008100156,0.019179795,0.091848069,all-ENDO,mesenchymal
RALY,eF,0.239067204,19.22770201,2.666341238,0.018260165,0.034563003,0.096209224,all-ENDO,mesenchymal
TOP1,eF,0.154248491,19.34210298,2.881617635,0.003979115,0.012937166,0.074142259,all-ENDO,mesenchymal
YWHAB,eF,0.283880115,20.25646341,3.107429023,0.011531352,0.024306606,0.096209224,all-ENDO,mesenchymal
MIF,eF,0.433168204,21.63968763,2.60734128,0.024817371,0.043989627,0.097481052,all-ENDO,mesenchymal
XBP1,eF,0.267384152,19.25938797,2.847260606,0.01338011,0.027234227,0.096209224,all-ENDO,mesenchymal
MYH9,eF,0.357240573,20.17226305,2.941811694,0.010822982,0.023311272,0.096209224,all-ENDO,mesenchymal
ATP6AP2,eF,0.212956149,19.24969156,3.073083235,0.013828741,0.027895276,0.096209224,all-ENDO,mesenchymal
PGK1,eF,0.263670273,19.39977089,3.244552414,0.007131941,0.017630058,0.088788854,all-ENDO,mesenchymal
MORF4L2,eF,0.274795484,19.47226251,3.165183934,0.007704467,0.018571286,0.090719468,all-ENDO,mesenchymal
ARHGAP4,eF,-0.140901702,18.53589965,-3.583732267,0.005774266,0.015525084,0.082860487,all-ENDO,mesenchymal
FLNA,eF,0.369055254,20.18303714,2.678925218,0.018058797,0.034261873,0.096209224,all-ENDO,mesenchymal
FAAP20,eF1,0.221894006,19.07106556,3.944277124,8.24E-05,0.036728378,0.099466732,severe-ENDO,mesenchymal
GNB2,eF1,0.281016934,19.52002945,4.346230098,1.44E-05,0.01138736,0.028941654,severe-ENDO,mesenchymal
ISYNA1,eF1,-0.233023958,18.76939807,-3.902781851,9.77E-05,0.03837418,0.104297933,severe-ENDO,mesenchymal
REV3L,eF4-CXCL14,-0.420458118,19.17943535,-5.838335521,6.25E-09,8.31E-05,0.000271926,severe-ENDO,mesenchymal
SPEN,endothelial,0.290229881,18.73912337,6.039635888,1.39E-06,0.007066148,0.01547506,mild-ENDO,endothelial
IARS2,endothelial,0.167119638,18.79022045,4.606040474,4.25E-06,0.01292019,0.026948164,mild-ENDO,endothelial
PTRHD1,endothelial,-0.237933273,18.98203073,-6.443420709,7.79E-06,0.014851087,0.034692576,mild-ENDO,endothelial
PSMA2,endothelial,-0.148153555,18.97813546,-4.760848481,2.00E-06,0.007621623,0.017804336,mild-ENDO,endothelial
PSMA1,endothelial,-0.157701635,19.06860256,-4.476863948,7.81E-06,0.014851087,0.034692576,mild-ENDO,endothelial
COA4,endothelial,-0.174616774,18.93684113,-5.062618997,4.35E-07,0.006608214,0.01547506,mild-ENDO,endothelial
POLR1D,endothelial,-0.165633117,19.04574126,-4.495976341,7.15E-06,0.014851087,0.034692576,mild-ENDO,endothelial
ACSL4,endothelial,0.156161885,18.68445697,4.356769088,1.36E-05,0.022933825,0.054791684,mild-ENDO,endothelial
LAMP2,endothelial,0.194834603,18.86638291,4.893378397,1.04E-06,0.007066148,0.01547506,mild-ENDO,endothelial
INO80E,endothelial,-0.185568131,18.7548541,-5.15891096,2.59E-07,0.002044012,0.000220724,severe-ENDO,endothelial
INO80E,endothelial,-0.186468277,18.73214241,-5.168195587,2.45E-07,0.003921918,0.001452133,all-ENDO,endothelial
SPEN,Endothelial1,0.311192729,18.81067823,6.610644044,4.68E-11,6.02E-07,4.75E-06,mild-ENDO,endothelial
PEF1,Endothelial1,-0.189997255,18.86321206,-4.939875021,8.35E-07,0.002402597,0.015787799,mild-ENDO,endothelial
PTRHD1,Endothelial1,-0.269262725,19.0424529,-6.522704299,8.36E-11,6.02E-07,4.75E-06,mild-ENDO,endothelial
TRIP12,Endothelial1,0.374039775,18.96235794,6.180448189,5.66E-05,0.046625266,0.228472584,mild-ENDO,endothelial
AIMP1,Endothelial1,-0.170212345,18.88946829,-4.256959681,2.15E-05,0.023811079,0.128619583,mild-ENDO,endothelial
AP1S1,Endothelial1,-0.150996648,18.7707568,-4.174294602,3.09E-05,0.031808127,0.159801816,mild-ENDO,endothelial
PREX2,Endothelial1,0.358990429,19.0072656,6.116237611,4.10E-05,0.039306505,0.202379312,mild-ENDO,endothelial
MRPS16,Endothelial1,-0.191205963,18.95780893,-4.695624521,2.81E-06,0.005046975,0.028977887,mild-ENDO,endothelial
TXNRD1,Endothelial1,0.183583471,18.67958599,4.568557118,5.16E-06,0.008244594,0.04506161,mild-ENDO,endothelial
MYCBP2,Endothelial1,0.2319742,18.89687228,4.797009722,1.71E-06,0.00409624,0.024254084,mild-ENDO,endothelial
TP53BP1,Endothelial1,0.208178421,18.58784708,4.750842823,5.57E-05,0.046625266,0.228472584,mild-ENDO,endothelial
SMG1,Endothelial1,0.234052695,18.85038055,4.750321469,2.15E-06,0.004418099,0.027128718,mild-ENDO,endothelial
EPN2,Endothelial1,0.19466495,18.76592763,4.474961941,7.99E-06,0.011168866,0.062784898,mild-ENDO,endothelial
KIAA0100,Endothelial1,0.223520026,18.66027066,5.403728762,7.16E-08,0.000343488,0.002711752,mild-ENDO,endothelial
MRPL54,Endothelial1,-0.206535618,18.94195639,-5.157768258,2.70E-07,0.000971515,0.007669866,mild-ENDO,endothelial
SAFB,Endothelial1,0.186728964,18.77364858,4.266773563,2.06E-05,0.023811079,0.128619583,mild-ENDO,endothelial
ACSL4,Endothelial1,0.192466134,18.73056444,4.460795649,8.54E-06,0.011168866,0.062784898,mild-ENDO,endothelial
LAMP2,Endothelial1,0.191057646,18.891367,4.026632497,5.83E-05,0.046625266,0.228472584,mild-ENDO,endothelial
EIF3I,Endothelial1,0.221782993,19.79388621,3.926040791,8.83E-05,0.021886909,0.021309467,severe-ENDO,endothelial
JAK1,Endothelial1,0.241622728,20.19018232,4.176477915,3.05E-05,0.011807008,0.009086493,severe-ENDO,endothelial
NFE2L2,Endothelial1,0.205160437,19.26733658,3.963119054,7.57E-05,0.020292725,0.018988286,severe-ENDO,endothelial
SELENOK,Endothelial1,0.217335761,19.17997738,4.154502662,0.000326697,0.047957862,0.055194491,severe-ENDO,endothelial
CAST,Endothelial1,0.248925652,19.54696477,4.570787429,5.06E-06,0.005461026,0.002251911,severe-ENDO,endothelial
UBE2B,Endothelial1,0.201000182,19.26719969,3.900993032,9.79E-05,0.02277634,0.02312053,severe-ENDO,endothelial
EPB41L2,Endothelial1,-0.180229672,18.71230693,-4.054078071,5.16E-05,0.015685802,0.013837825,severe-ENDO,endothelial
FRG1HP,Endothelial1,-0.204795436,18.57736506,-4.78167873,8.17E-05,0.020583269,0.01998841,severe-ENDO,endothelial
HTRA1,Endothelial1,0.540433717,20.63484248,5.937967001,0.000297948,0.04463409,0.052041097,severe-ENDO,endothelial
TPP2,Endothelial1,-0.162168295,18.60509213,-4.052936459,5.19E-05,0.015685802,0.013870636,severe-ENDO,endothelial
JAK1,Endothelial1,0.240471152,20.16135623,4.099973911,4.23E-05,0.029696526,0.033008382,all-ENDO,endothelial
NFE2L2,Endothelial1,0.204121537,19.26397809,3.927648163,8.74E-05,0.04384151,0.047110691,all-ENDO,endothelial
CAST,Endothelial1,0.247064917,19.52939357,4.52400676,6.27E-06,0.016110986,0.00806281,all-ENDO,endothelial
UBE2B,Endothelial1,0.200674988,19.23709663,3.904720128,9.61E-05,0.044901259,0.049436245,all-ENDO,endothelial
EPB41L2,Endothelial1,-0.181854629,18.7038953,-4.088974241,4.43E-05,0.029696526,0.033969712,all-ENDO,endothelial
FBXO21,Endothelial1,-0.181897114,18.82324195,-3.991210435,6.71E-05,0.038304794,0.043771228,all-ENDO,endothelial
TPP2,Endothelial1,-0.163590379,18.60452844,-4.097111643,4.28E-05,0.029696526,0.033008382,all-ENDO,endothelial
SCAMP2,epithelial,0.200413426,18.54083618,5.577611749,1.20E-06,0.019794853,0.01547506,mild-ENDO,epithelial
HERC2,epithelial,-0.150375829,18.57798257,-4.583590481,4.66E-06,0.026311922,0.002565797,severe-ENDO,epithelial
AFG3L2,epithelial,-0.16975338,18.69059632,-5.044318809,4.68E-07,0.00792842,0.000353315,severe-ENDO,epithelial
HES4,epithelial,0.16575517,18.56221944,3.147468363,0.006928929,0.049503895,0.138956964,all-ENDO,epithelial
TARDBP,epithelial,-0.114657672,18.56071812,-2.717386717,0.016796909,0.049591925,0.139143738,all-ENDO,epithelial
PRDM2,epithelial,-0.165769881,18.56665772,-2.666870826,0.018118821,0.049934121,0.13966225,all-ENDO,epithelial
USP48,epithelial,-0.125909194,18.7047888,-2.905463124,0.010792025,0.049503895,0.138956964,all-ENDO,epithelial
PHACTR4,epithelial,-0.176655496,18.77699555,-3.785926465,0.000922155,0.049503895,0.138956964,all-ENDO,epithelial
PUM1,epithelial,-0.130612827,18.97904727,-2.983973981,0.004784525,0.049503895,0.138956964,all-ENDO,epithelial
ZCCHC17,epithelial,-0.14715636,18.5855034,-2.857991543,0.010534709,0.049503895,0.138956964,all-ENDO,epithelial
ATP6V0B,epithelial,0.219688867,19.32195917,2.646909201,0.017583134,0.049876798,0.139608,all-ENDO,epithelial
NRDC,epithelial,-0.155305514,19.01080076,-2.619684775,0.017870606,0.049876798,0.139608,all-ENDO,epithelial
SCP2,epithelial,0.166733582,19.17144789,2.902510246,0.009734642,0.049503895,0.138956964,all-ENDO,epithelial
TMEM59,epithelial,0.264337478,19.64118727,2.787208312,0.013697492,0.049503895,0.138956964,all-ENDO,epithelial
GNAI3,epithelial,-0.083006214,18.63480069,-2.430089778,0.01512124,0.049503895,0.138956964,all-ENDO,epithelial
PSMD4,epithelial,0.101918518,19.0136529,2.587542131,0.00968725,0.049503895,0.138956964,all-ENDO,epithelial
UBAP2L,epithelial,-0.089079585,18.60530907,-2.606129817,0.016605114,0.049503895,0.138956964,all-ENDO,epithelial
HDGF,epithelial,0.184792131,18.93563611,2.716763821,0.018119419,0.049934121,0.13966225,all-ENDO,epithelial
IFI16,epithelial,-0.169954818,18.68496989,-3.391929687,0.003892822,0.049503895,0.138956964,all-ENDO,epithelial
TAGLN2,epithelial,0.540641959,19.91443584,3.25634032,0.005667295,0.049503895,0.138956964,all-ENDO,epithelial
DCAF6,epithelial,-0.15213071,18.56286911,-3.286187666,0.007845914,0.049503895,0.138956964,all-ENDO,epithelial
RC3H1,epithelial,-0.08905461,18.69775622,-2.593769614,0.009513721,0.049503895,0.138956964,all-ENDO,epithelial
XPR1,epithelial,-0.270951953,18.84943753,-2.805478249,0.015856208,0.049503895,0.138956964,all-ENDO,epithelial
PCBP1,epithelial,0.45814906,20.05438854,3.655655034,0.002776032,0.049503895,0.138956964,all-ENDO,epithelial
DCTN1,epithelial,-0.111650153,18.54525281,-2.942244898,0.010947593,0.049503895,0.138956964,all-ENDO,epithelial
POLE4,epithelial,-0.142316452,18.6185047,-2.822486265,0.012068254,0.049503895,0.138956964,all-ENDO,epithelial
ATIC,epithelial,-0.136055885,18.60552221,-3.110140053,0.006055498,0.049503895,0.138956964,all-ENDO,epithelial
MFF,epithelial,-0.135592838,18.80522058,-2.82545962,0.010936249,0.049503895,0.138956964,all-ENDO,epithelial
TADA3,epithelial,-0.103848623,18.68267403,-2.975016502,0.006687,0.049503895,0.138956964,all-ENDO,epithelial
UBE2E1,epithelial,-0.07810549,18.54161553,-2.63275888,0.008488935,0.049503895,0.138956964,all-ENDO,epithelial
RHOA,epithelial,0.323305793,19.95901923,3.275022059,0.004901993,0.049503895,0.138956964,all-ENDO,epithelial
MANF,epithelial,0.183083161,18.89732104,3.710517202,0.002970916,0.049503895,0.138956964,all-ENDO,epithelial
SUCLG2,epithelial,-0.116126845,18.55765518,-2.609300137,0.016837275,0.049643309,0.139330949,all-ENDO,epithelial
TFDP2,epithelial,-0.201471125,18.85638825,-2.976840047,0.008391754,0.049503895,0.138956964,all-ENDO,epithelial
SERP1,epithelial,0.157243834,19.91626094,2.645602157,0.017439204,0.049869536,0.139608,all-ENDO,epithelial
MBNL1,epithelial,-0.128650495,18.70348079,-3.067236762,0.004713328,0.049503895,0.138956964,all-ENDO,epithelial
NDUFB5,epithelial,0.096516055,18.82508871,2.667187377,0.00766734,0.049503895,0.138956964,all-ENDO,epithelial
DNAJC19,epithelial,-0.107062666,18.7581914,-3.153492028,0.001620443,0.049503895,0.138956964,all-ENDO,epithelial
MED28,epithelial,-0.165819513,18.57373104,-2.807223511,0.013328844,0.049503895,0.138956964,all-ENDO,epithelial
GRSF1,epithelial,-0.097628434,18.77244626,-2.557058647,0.01680069,0.049591925,0.139143738,all-ENDO,epithelial
CXCL3,epithelial,0.289620616,18.61433883,3.75647934,0.0022716,0.049503895,0.138956964,all-ENDO,epithelial
CXCL2,epithelial,0.659395335,19.13255062,3.197686369,0.006879472,0.049503895,0.138956964,all-ENDO,epithelial
METAP1,epithelial,-0.17967942,18.68896796,-2.935109373,0.008874218,0.049503895,0.138956964,all-ENDO,epithelial
PLA2G12A,epithelial,-0.15429405,18.59240738,-2.790345436,0.012373813,0.049503895,0.138956964,all-ENDO,epithelial
SORBS2,epithelial,-0.285860409,19.12399243,-5.331351809,0.000103856,0.049503895,0.094642192,all-ENDO,epithelial
MED10,epithelial,-0.137038214,18.53362121,-3.807879065,0.000943006,0.049503895,0.138956964,all-ENDO,epithelial
SKP1,epithelial,0.273790928,20.51048853,2.706495322,0.015205833,0.049503895,0.138956964,all-ENDO,epithelial
BRD8,epithelial,-0.175612015,18.57547754,-3.133013713,0.005986,0.049503895,0.138956964,all-ENDO,epithelial
ETF1,epithelial,-0.181335109,18.79870797,-3.531858798,0.004011672,0.049503895,0.138956964,all-ENDO,epithelial
ENSG00000230551.4,epithelial,-0.17750133,18.55045252,-3.03857262,0.006919804,0.049503895,0.138956964,all-ENDO,epithelial
TTC1,epithelial,-0.110341638,18.65259421,-3.414218525,0.000643456,0.049503895,0.138956964,all-ENDO,epithelial
CCNG1,epithelial,-0.152568885,18.53324113,-2.798610128,0.013052128,0.049503895,0.138956964,all-ENDO,epithelial
MSX2,epithelial,-0.179324247,18.69208849,-2.636284182,0.018228001,0.049954071,0.139677455,all-ENDO,epithelial
TRIM27,epithelial,-0.16776923,18.63013276,-4.393786656,0.000201474,0.049503895,0.125765599,all-ENDO,epithelial
EHMT2,epithelial,-0.141647716,18.54042263,-2.974045702,0.007765659,0.049503895,0.138956964,all-ENDO,epithelial
RING1,epithelial,-0.133440605,18.55796212,-3.143886293,0.006279181,0.049503895,0.138956964,all-ENDO,epithelial
CDKN1A,epithelial,0.452849633,18.97536483,3.072625845,0.008335051,0.049503895,0.138956964,all-ENDO,epithelial
SMAP1,epithelial,-0.126600352,18.63442939,-2.976518784,0.006666737,0.049503895,0.138956964,all-ENDO,epithelial
SENP6,epithelial,-0.154731794,18.93717967,-2.936327559,0.014343161,0.049503895,0.138956964,all-ENDO,epithelial
ATG5,epithelial,-0.12672765,18.5451929,-3.236804324,0.005234789,0.049503895,0.138956964,all-ENDO,epithelial
AMD1,epithelial,-0.133544667,18.81760552,-3.059743699,0.005746578,0.049503895,0.138956964,all-ENDO,epithelial
PHF14,epithelial,-0.127013946,18.94968817,-2.962458944,0.010804029,0.049503895,0.138956964,all-ENDO,epithelial
AGR2,epithelial,0.472552687,19.62347024,4.118314841,0.000947587,0.049503895,0.138956964,all-ENDO,epithelial
MRPS24,epithelial,0.149188293,19.081547,2.920128554,0.010961532,0.049503895,0.138956964,all-ENDO,epithelial
ABHD11,epithelial,-0.161539764,18.96995414,-2.796129024,0.012837558,0.049503895,0.138956964,all-ENDO,epithelial
SLC25A13,epithelial,-0.16926102,18.8312416,-3.051184631,0.008707128,0.049503895,0.138956964,all-ENDO,epithelial
ENSG00000284292.1,epithelial,0.167298282,18.90853978,2.754729751,0.017246529,0.049814125,0.139608,all-ENDO,epithelial
TRIP6,epithelial,-0.148917439,18.56955803,-3.321362839,0.004043577,0.049503895,0.138956964,all-ENDO,epithelial
CUX1,epithelial,-0.148879625,18.9703482,-3.02102258,0.005006523,0.049503895,0.138956964,all-ENDO,epithelial
SRPK2,epithelial,-0.187978498,18.89151231,-2.710054208,0.013858594,0.049503895,0.138956964,all-ENDO,epithelial
LUC7L2,epithelial,-0.171325428,18.84816864,-3.261190264,0.005009585,0.049503895,0.138956964,all-ENDO,epithelial
BRAF,epithelial,-0.138742771,18.55245817,-2.867672728,0.014281846,0.049503895,0.138956964,all-ENDO,epithelial
DEFB1,epithelial,0.411769348,18.53630469,2.920272722,0.011800113,0.049503895,0.138956964,all-ENDO,epithelial
INTS10,epithelial,-0.14030475,18.74156627,-3.124080791,0.007411523,0.049503895,0.138956964,all-ENDO,epithelial
DOCK5,epithelial,-0.313793813,18.63632306,-2.689478911,0.018014521,0.049877732,0.139608,all-ENDO,epithelial
RAB11FIP1,epithelial,0.346904059,19.22097283,2.727391152,0.015612013,0.049503895,0.138956964,all-ENDO,epithelial
CEBPD,epithelial,0.406738027,20.37751901,2.779592142,0.014824404,0.049503895,0.138956964,all-ENDO,epithelial
YWHAZ,epithelial,0.277544776,20.06475871,2.913693045,0.010985328,0.049503895,0.138956964,all-ENDO,epithelial
OXR1,epithelial,-0.26765073,19.10040157,-3.148205137,0.007039684,0.049503895,0.138956964,all-ENDO,epithelial
ENY2,epithelial,0.218024139,19.44804533,2.757296822,0.013046857,0.049503895,0.138956964,all-ENDO,epithelial
TATDN1,epithelial,-0.12801192,18.54603214,-2.888270924,0.009742046,0.049503895,0.138956964,all-ENDO,epithelial
EBLN3P,epithelial,-0.159848265,18.53571612,-3.570964337,0.002046859,0.049503895,0.138956964,all-ENDO,epithelial
CBWD5,epithelial,-0.174163934,18.80368999,-3.816247258,0.002179561,0.049503895,0.138956964,all-ENDO,epithelial
UBQLN1,epithelial,-0.098311466,18.54952316,-2.688084005,0.013942792,0.049503895,0.138956964,all-ENDO,epithelial
SURF4,epithelial,-0.109210111,18.54738282,-3.15401525,0.004971028,0.049503895,0.138956964,all-ENDO,epithelial
TRDMT1,epithelial,-0.245954561,18.58830572,-3.785524372,0.001836569,0.049503895,0.138956964,all-ENDO,epithelial
WAC,epithelial,-0.14985724,18.6794074,-2.769509302,0.012525171,0.049503895,0.138956964,all-ENDO,epithelial
EPC1,epithelial,-0.176210988,18.95923373,-2.857456081,0.009987999,0.049503895,0.138956964,all-ENDO,epithelial
RRP12,epithelial,-0.198236993,18.53323525,-2.655314992,0.017071231,0.049743345,0.139608,all-ENDO,epithelial
SMNDC1,epithelial,-0.1601435,18.5871022,-2.969051328,0.008817838,0.049503895,0.138956964,all-ENDO,epithelial
FAM204A,epithelial,-0.093132578,18.77269566,-2.565998395,0.017296844,0.049869536,0.139608,all-ENDO,epithelial
CTBP2,epithelial,-0.114857792,18.74620484,-2.719971055,0.015069717,0.049503895,0.138956964,all-ENDO,epithelial
MTG1,epithelial,-0.163007742,18.75259743,-3.871288777,0.001263539,0.049503895,0.138956964,all-ENDO,epithelial
TALDO1,epithelial,0.305911944,19.47764743,3.645931883,0.00282411,0.049503895,0.138956964,all-ENDO,epithelial
MRPL23,epithelial,0.249160365,19.39424618,2.869826178,0.01322936,0.049503895,0.138956964,all-ENDO,epithelial
CTR9,epithelial,-0.125168885,18.56204927,-2.770295741,0.01311113,0.049503895,0.138956964,all-ENDO,epithelial
PARVA,epithelial,-0.120917955,18.63969494,-3.411490256,0.003580225,0.049503895,0.138956964,all-ENDO,epithelial
PIK3C2A,epithelial,-0.142283399,18.63890897,-2.828639077,0.011991898,0.049503895,0.138956964,all-ENDO,epithelial
OTUB1,epithelial,0.141469139,18.99954923,3.336483906,0.003584261,0.049503895,0.138956964,all-ENDO,epithelial
MACROD1,epithelial,-0.157141925,18.56642267,-3.134213548,0.006060608,0.049503895,0.138956964,all-ENDO,epithelial
RELA,epithelial,-0.134504166,18.59423897,-3.374140615,0.002531135,0.049503895,0.138956964,all-ENDO,epithelial
MRPL11,epithelial,-0.133259694,18.85488929,-2.714379754,0.014857907,0.049503895,0.138956964,all-ENDO,epithelial
CDK2AP2,epithelial,0.285546965,19.10469946,2.892503275,0.01186815,0.049503895,0.138956964,all-ENDO,epithelial
NDUFV1,epithelial,-0.123535354,19.01951947,-2.971385273,0.00477531,0.049503895,0.138956964,all-ENDO,epithelial
CREBZF,epithelial,-0.192235289,18.55516243,-3.16059148,0.007412967,0.049503895,0.138956964,all-ENDO,epithelial
HIKESHI,epithelial,-0.14973308,18.62135093,-3.660770064,0.002097647,0.049503895,0.138956964,all-ENDO,epithelial
LTBR,epithelial,-0.151999484,18.87782315,-2.908859472,0.011785587,0.049503895,0.138956964,all-ENDO,epithelial
STRAP,epithelial,-0.177159639,18.92225716,-3.003582579,0.008289808,0.049503895,0.138956964,all-ENDO,epithelial
SMARCD1,epithelial,-0.131271347,18.567343,-2.990439538,0.009666386,0.049503895,0.138956964,all-ENDO,epithelial
KRT8,epithelial,0.384124207,20.47366472,3.009595829,0.008642301,0.049503895,0.138956964,all-ENDO,epithelial
CBX5,epithelial,-0.170364271,18.93034649,-2.930577015,0.010897232,0.049503895,0.138956964,all-ENDO,epithelial
SMARCC2,epithelial,-0.131297315,18.74990543,-2.635419308,0.016649907,0.049503895,0.138956964,all-ENDO,epithelial
PPM1H,epithelial,-0.222721735,18.66892971,-3.099547687,0.007409466,0.049503895,0.138956964,all-ENDO,epithelial
OSBPL8,epithelial,-0.131508302,18.57144045,-3.180270366,0.004095914,0.049503895,0.138956964,all-ENDO,epithelial
NUDT4,epithelial,-0.145724754,18.70936787,-2.680898135,0.017483072,0.049869536,0.139608,all-ENDO,epithelial
TDG,epithelial,-0.119892156,18.53705809,-3.731445993,0.003445494,0.049503895,0.138956964,all-ENDO,epithelial
ZMYM2,epithelial,-0.186253843,18.79514801,-2.75047775,0.017436475,0.049869536,0.139608,all-ENDO,epithelial
MICU2,epithelial,-0.127670365,18.60799076,-2.971228466,0.010169995,0.049503895,0.138956964,all-ENDO,epithelial
VPS36,epithelial,-0.138913258,18.7517514,-3.613511047,0.001364367,0.049503895,0.138956964,all-ENDO,epithelial
CUL4A,epithelial,-0.140679242,18.55180696,-3.162919498,0.005155647,0.049503895,0.138956964,all-ENDO,epithelial
CHD8,epithelial,-0.139905704,18.57295616,-2.811650812,0.010895881,0.049503895,0.138956964,all-ENDO,epithelial
NFKBIA,epithelial,0.579368345,22.00284291,2.979651431,0.009932927,0.049503895,0.138956964,all-ENDO,epithelial
KLHDC2,epithelial,-0.154002555,18.56175663,-3.890910257,0.000798898,0.049503895,0.138956964,all-ENDO,epithelial
MAPK1IP1L,epithelial,-0.13617086,18.82140403,-3.098537126,0.006021225,0.049503895,0.138956964,all-ENDO,epithelial
DAAM1,epithelial,-0.144153261,18.7480464,-2.838930465,0.010540417,0.049503895,0.138956964,all-ENDO,epithelial
PPP2R5E,epithelial,-0.111923423,18.59805105,-3.036679692,0.0058137,0.049503895,0.138956964,all-ENDO,epithelial
TNFAIP2,epithelial,0.342779425,18.69900861,3.020437895,0.010859428,0.049503895,0.138956964,all-ENDO,epithelial
NUDT14,epithelial,0.153462105,18.62769037,3.436469973,0.003018315,0.049503895,0.138956964,all-ENDO,epithelial
HERC2,epithelial,-0.152614563,18.57734017,-4.645339959,3.46E-06,0.029441021,0.010720554,all-ENDO,epithelial
EIF2AK4,epithelial,-0.143138801,18.66071993,-3.380883018,0.00319794,0.049503895,0.138956964,all-ENDO,epithelial
HEXA,epithelial,-0.100254493,18.65421644,-2.862249111,0.008911448,0.049503895,0.138956964,all-ENDO,epithelial
IDH2,epithelial,0.287131583,19.03249517,3.679290517,0.002322331,0.049503895,0.138956964,all-ENDO,epithelial
NMRAL1,epithelial,-0.112901392,18.58980684,-2.572742932,0.017888606,0.049876798,0.139608,all-ENDO,epithelial
QPRT,epithelial,0.183038181,19.05372945,2.690225763,0.016497582,0.049503895,0.138956964,all-ENDO,epithelial
PPP4C,epithelial,0.139292094,19.04507987,2.738980481,0.012078124,0.049503895,0.138956964,all-ENDO,epithelial
LONP2,epithelial,-0.208604105,19.05018199,-2.908267154,0.01305011,0.049503895,0.138956964,all-ENDO,epithelial
SF3B3,epithelial,-0.160543557,18.53808121,-3.833364654,0.001494522,0.049503895,0.138956964,all-ENDO,epithelial
MBTPS1,epithelial,-0.197806118,18.7906523,-3.51295265,0.004062614,0.049503895,0.138956964,all-ENDO,epithelial
RNASEK-C17orf49,epithelial,0.309445386,19.84780421,2.713895895,0.017606941,0.049876798,0.139608,all-ENDO,epithelial
CLDN7,epithelial,0.29016274,19.60229748,3.322372036,0.003914461,0.049503895,0.138956964,all-ENDO,epithelial
ALDH3A2,epithelial,-0.109026291,18.6696797,-3.139934157,0.001697226,0.049503895,0.138956964,all-ENDO,epithelial
NSRP1,epithelial,-0.126147201,18.59526722,-3.98104015,6.93E-05,0.049503895,0.078559271,all-ENDO,epithelial
STAT3,epithelial,-0.267374483,19.91395454,-3.182814431,0.004742642,0.049503895,0.138956964,all-ENDO,epithelial
SRSF1,epithelial,-0.168569688,18.88788293,-3.456357928,0.006054021,0.049503895,0.138956964,all-ENDO,epithelial
DCAF7,epithelial,-0.093696871,18.61914727,-2.636155532,0.013513799,0.049503895,0.138956964,all-ENDO,epithelial
EXOC7,epithelial,-0.164080967,18.55169743,-3.205468302,0.005023539,0.049503895,0.138956964,all-ENDO,epithelial
CCDC57,epithelial,-0.130193527,18.55528583,-3.027548769,0.008741786,0.049503895,0.138956964,all-ENDO,epithelial
USP14,epithelial,-0.164542046,18.68431971,-3.064755407,0.007612821,0.049503895,0.138956964,all-ENDO,epithelial
AFG3L2,epithelial,-0.171325291,18.6776235,-5.107658385,3.35E-07,0.005704247,0.00162917,all-ENDO,epithelial
POLR2E,epithelial,0.160522477,19.12705222,2.728281676,0.017503954,0.049869536,0.139608,all-ENDO,epithelial
HOOK2,epithelial,-0.18578724,19.01306264,-2.634215906,0.01745465,0.049869536,0.139608,all-ENDO,epithelial
CCDC124,epithelial,0.141308808,19.06968768,2.895388893,0.010037854,0.049503895,0.138956964,all-ENDO,epithelial
NDUFA13,epithelial,0.286102777,19.92876166,2.957754483,0.009963837,0.049503895,0.138956964,all-ENDO,epithelial
ECH1,epithelial,-0.108601038,18.93502227,-2.664599466,0.012543674,0.049503895,0.138956964,all-ENDO,epithelial
LTBP4,epithelial,-0.230160225,18.6079973,-3.154386886,0.006072163,0.049503895,0.138956964,all-ENDO,epithelial
TOMM40,epithelial,-0.095573663,18.54647435,-3.073516555,0.002124046,0.049503895,0.138956964,all-ENDO,epithelial
CYTH2,epithelial,0.100940816,18.6765233,2.772619159,0.011072087,0.049503895,0.138956964,all-ENDO,epithelial
NUCB1,epithelial,-0.157030674,18.91686158,-2.888226556,0.008798473,0.049503895,0.138956964,all-ENDO,epithelial
PTOV1,epithelial,0.239526929,19.28061591,3.027045278,0.008981791,0.049503895,0.138956964,all-ENDO,epithelial
PNKP,epithelial,-0.13469027,18.61189017,-3.978639721,7.00E-05,0.049503895,0.078559271,all-ENDO,epithelial
CLEC11A,epithelial,-0.123966311,18.53280232,-3.763049596,0.004307558,0.049503895,0.138956964,all-ENDO,epithelial
ZNF580,epithelial,-0.117946019,18.54397022,-3.940806887,0.000659959,0.049503895,0.138956964,all-ENDO,epithelial
U2AF2,epithelial,-0.118618714,18.774447,-3.11413634,0.010008532,0.049503895,0.138956964,all-ENDO,epithelial
PHF20,epithelial,-0.107299515,18.53508661,-2.716454444,0.014433391,0.049503895,0.138956964,all-ENDO,epithelial
SLPI,epithelial,1.089600006,19.68282581,3.411706652,0.004562869,0.049503895,0.138956964,all-ENDO,epithelial
ZMYND8,epithelial,-0.193375196,19.1752002,-3.473887763,0.004699949,0.049503895,0.138956964,all-ENDO,epithelial
ADAMTS1,epithelial,-0.21396507,18.62616473,-2.643608502,0.017497035,0.049869536,0.139608,all-ENDO,epithelial
GART,epithelial,-0.120413136,18.53918574,-3.197019851,0.006158857,0.049503895,0.138956964,all-ENDO,epithelial
CSTB,epithelial,0.465754697,20.11561078,3.315188811,0.004946747,0.049503895,0.138956964,all-ENDO,epithelial
SDF2L1,epithelial,0.194023387,18.88449783,2.679205534,0.016738784,0.049514934,0.138974034,all-ENDO,epithelial
DDX17,epithelial,-0.218817328,20.28657439,-3.386894266,0.004342791,0.049503895,0.138956964,all-ENDO,epithelial
ATF4,epithelial,-0.173628896,18.83202403,-2.716679699,0.015292237,0.049503895,0.138956964,all-ENDO,epithelial
CD99,epithelial,0.263055031,20.02967771,3.286077092,0.00464803,0.049503895,0.138956964,all-ENDO,epithelial
JPX,epithelial,-0.222395581,18.936649,-4.63853485,0.000675035,0.049503895,0.138956964,all-ENDO,epithelial
TSPAN6,epithelial,0.166580007,18.94390947,3.082043794,0.005259019,0.049503895,0.138956964,all-ENDO,epithelial
STAG2,epithelial,-0.120673457,18.62951617,-2.904465328,0.009625971,0.049503895,0.138956964,all-ENDO,epithelial
BCAP31,epithelial,0.24930739,19.38491578,2.689150051,0.017663057,0.049876798,0.139608,all-ENDO,epithelial
MGMT,Epithelial1,-0.266641643,18.77486042,-5.147958214,2.78E-07,0.004270449,0.000648336,all-ENDO,epithelial
COA3,Epithelial2,-0.537708161,19.38901174,-4.91712706,9.73E-07,0.013617266,0.015787799,mild-ENDO,epithelial
CXCL3,Epithelial2,0.821418046,18.7265345,6.358885544,4.80E-07,0.002345076,0.000290838,severe-ENDO,epithelial
TPM1,Epithelial2,0.426730468,19.01414533,4.541828519,5.93E-06,0.00966038,0.002567326,severe-ENDO,epithelial
CXCL3,Epithelial2,0.821209695,18.71982905,6.407480565,2.21E-07,0.001087021,0.000534763,all-ENDO,epithelial
ADH5,glandular,-0.265713183,19.23136387,-4.936836861,8.49E-07,0.012109445,0.003604739,mild-ENDO,epithelial
MGMT,glandular,-0.273396961,18.7645274,-5.255144326,1.57E-07,0.002402841,0.00220263,all-ENDO,epithelial
CCNI,glandular-early-secretory,-0.671865878,19.87665425,-4.865668016,5.84E-06,0.040551224,0.015357682,mild-ENDO,epithelial
COA3,glandular-early-secretory,-0.553559688,19.37992913,-5.098399666,3.88E-07,0.005393575,0.002244993,mild-ENDO,epithelial
EFHD2,macrophage,0.16347298,18.83652472,3.300984816,0.000982247,0.043693515,0.090689407,severe-ENDO,myeloid
CSF3R,macrophage,-0.20863055,18.63459126,-4.061293993,5.09E-05,0.003372999,0.013791001,severe-ENDO,myeloid
DAP3,macrophage,-0.151606572,18.58939204,-3.759997222,0.000175327,0.009603863,0.035279466,severe-ENDO,myeloid
MIA3,macrophage,-0.167741036,18.59030662,-3.870599158,0.000112431,0.006529187,0.025315887,severe-ENDO,myeloid
HADHB,macrophage,-0.156142674,18.75580954,-3.475021853,0.000522885,0.024843589,0.070946865,severe-ENDO,myeloid
MERTK,macrophage,-0.257585984,18.88325452,-4.37202935,1.30E-05,0.00107128,0.004776085,severe-ENDO,myeloid
HNMT,macrophage,-0.243531432,19.17562955,-4.318210013,1.66E-05,0.001301579,0.005792751,severe-ENDO,myeloid
TBC1D5,macrophage,-0.187474183,18.5361876,-4.506774595,7.00E-06,0.000634884,0.002914217,severe-ENDO,myeloid
SMARCC1,macrophage,-0.173728374,18.56327383,-4.020338411,6.05E-05,0.00385613,0.015694781,severe-ENDO,myeloid
PBRM1,macrophage,-0.153258066,18.71907101,-3.36387394,0.000784647,0.035499235,0.083448789,severe-ENDO,myeloid
PARP14,macrophage,-0.214708399,19.12802046,-3.426976564,0.000624032,0.029333942,0.076665465,severe-ENDO,myeloid
PHF3,macrophage,-0.262653074,18.90518741,-4.822063796,1.54E-06,0.000167328,0.000813936,severe-ENDO,myeloid
PSMC2,macrophage,-0.167602359,18.54916002,-4.619781007,4.11E-06,0.000397998,0.001880239,severe-ENDO,myeloid
CREB3L2,macrophage,-0.150963939,18.54970632,-3.670902895,0.000248722,0.012980566,0.045788729,severe-ENDO,myeloid
ZNF706,macrophage,0.20351011,19.39542322,3.547909849,0.000398225,0.019771053,0.062648039,severe-ENDO,myeloid
WAC,macrophage,-0.152487778,18.62766648,-3.483358081,0.000506975,0.024349486,0.06994578,severe-ENDO,myeloid
PPA1,macrophage,-0.184081973,18.6491076,-4.259848512,2.15E-05,0.001609752,0.006985531,severe-ENDO,myeloid
TNKS2,macrophage,-0.188747667,18.54711885,-4.628389311,3.95E-06,0.000384805,0.001818367,severe-ENDO,myeloid
SHTN1,macrophage,-0.18625928,18.70202195,-3.837772506,0.000128431,0.007306789,0.02778124,severe-ENDO,myeloid
ILK,macrophage,-0.159372164,18.74700545,-3.365470438,0.000780148,0.035499235,0.083228058,severe-ENDO,myeloid
UNC93B1,macrophage,-0.182137194,18.762878,-4.424957259,1.02E-05,0.00085764,0.003918613,severe-ENDO,myeloid
FCHSD2,macrophage,-0.313468339,18.70617276,-6.571067073,6.52E-11,3.09E-08,1.64E-07,severe-ENDO,myeloid
POMP,macrophage,0.250699256,19.73456313,3.974773493,7.32E-05,0.00452008,0.018462762,severe-ENDO,myeloid
HECTD1,macrophage,-0.185183769,18.67300319,-3.782565668,0.000160278,0.008889723,0.032963097,severe-ENDO,myeloid
PHKB,macrophage,-0.209368158,18.53930943,-4.815815352,1.59E-06,0.000171178,0.000829322,severe-ENDO,myeloid
CHD9,macrophage,-0.228489663,18.72815007,-4.64764604,3.60E-06,0.000353566,0.001690605,severe-ENDO,myeloid
ZFHX3,macrophage,-0.206134573,18.8837449,-3.796595035,0.000151545,0.008440684,0.031650732,severe-ENDO,myeloid
COTL1,macrophage,0.426918285,20.25040321,6.013926897,2.19E-09,7.36E-07,3.27E-06,severe-ENDO,myeloid
CYBC1,macrophage,-0.141552386,18.54121265,-3.601329799,0.000325155,0.016577897,0.055010668,severe-ENDO,myeloid
PIN1,macrophage,-0.179328039,18.59926793,-4.439362009,9.57E-06,0.000818318,0.003751047,severe-ENDO,myeloid
GCC2,macrophage,-0.194423284,18.67169346,-3.923157246,9.03E-05,0.022634351,0.047407037,all-ENDO,myeloid
HNMT,macrophage,-0.24511376,19.16378704,-4.340840108,1.49E-05,0.005303093,0.015566096,all-ENDO,myeloid
SMARCC1,macrophage,-0.175706998,18.54555739,-4.043454964,5.46E-05,0.015091183,0.038079829,all-ENDO,myeloid
PHF3,macrophage,-0.263430976,18.87920019,-4.853495328,1.30E-06,0.000654107,0.002332986,all-ENDO,myeloid
PSMC2,macrophage,-0.169658821,18.53767397,-4.661138507,3.35E-06,0.001461613,0.005098681,all-ENDO,myeloid
CREB3L2,macrophage,-0.153417521,18.53925026,-3.772328192,0.0001663,0.037531102,0.062392562,all-ENDO,myeloid
SHTN1,macrophage,-0.187593732,18.68636969,-3.908059008,9.60E-05,0.023647079,0.049436245,all-ENDO,myeloid
UNC93B1,macrophage,-0.184432915,18.76564694,-4.49395986,7.38E-06,0.002938848,0.00929349,all-ENDO,myeloid
IL6ST,M-Phi-1-LYVE1,-0.298036556,18.9953435,-3.585729195,0.000354537,0.032048337,0.078512324,severe-ENDO,myeloid
GM2A,M-Phi-1-LYVE1,0.315125959,19.11885143,3.762032465,0.000179631,0.024039066,0.058631648,severe-ENDO,myeloid
LAMP1,M-Phi-1-LYVE1,0.442197043,19.95868723,4.749810637,2.37E-06,0.002810291,0.006166468,severe-ENDO,myeloid
PLA2G15,M-Phi-1-LYVE1,-0.220515748,18.69265094,-3.438484619,0.000612279,0.046813239,0.106954354,severe-ENDO,myeloid
PMP22,M-Phi-1-LYVE1,0.369844209,19.63235615,3.869165865,0.000117222,0.020552286,0.049743964,severe-ENDO,myeloid
JPT1,M-Phi-1-LYVE1,0.329049699,19.09357166,4.15307041,3.60E-05,0.011423391,0.027792474,severe-ENDO,myeloid
EMILIN2,M-Phi-1-LYVE1,0.27508764,18.94986557,3.475118809,0.000535434,0.042213018,0.098157135,severe-ENDO,myeloid
MX1,M-Phi-1-LYVE1,0.352127944,18.76974069,4.468712925,8.89E-06,0.005475615,0.014253066,severe-ENDO,myeloid
CLNS1A,M-Phi-1-LYVE1,-0.281538483,18.67436286,-4.251824007,2.31E-05,0.036877388,0.048950815,all-ENDO,myeloid
EFHD2,myeloid,0.16438363,18.89436899,3.71082996,0.000211003,0.022714223,0.053379176,severe-ENDO,myeloid
TUT4,myeloid,-0.168520738,18.73248772,-3.921565842,9.03E-05,0.010611616,0.029552971,severe-ENDO,myeloid
TAGLN2,myeloid,0.499014319,20.19396558,4.957200194,0.000492764,0.045418022,0.089387001,severe-ENDO,myeloid
HADHB,myeloid,-0.137084397,18.7029734,-3.55195269,0.000389323,0.037863633,0.077213904,severe-ENDO,myeloid
MAT2A,myeloid,-0.178055792,18.78262793,-3.819460395,0.000136938,0.015326212,0.039806493,severe-ENDO,myeloid
MFF,myeloid,-0.165286693,18.71783406,-4.085125625,4.54E-05,0.005822012,0.017003182,severe-ENDO,myeloid
PHF3,myeloid,-0.210456863,18.83146422,-4.573361773,5.03E-06,0.000875574,0.002736869,severe-ENDO,myeloid
BUD31,myeloid,-0.137975094,18.67615473,-3.498299074,0.00047626,0.044185666,0.087409622,severe-ENDO,myeloid
SMCO4,myeloid,-0.175750843,18.56561409,-4.921102059,9.16E-07,0.000192692,0.00061209,severe-ENDO,myeloid
N4BP2L2,myeloid,-0.270427079,19.21039937,-5.004509078,5.98E-07,0.000138303,0.000437478,severe-ENDO,myeloid
SNAP23,myeloid,-0.148881778,18.73218341,-3.664678565,0.000252705,0.026012057,0.061239717,severe-ENDO,myeloid
TSPAN3,myeloid,-0.239757546,18.70902869,-5.901106175,4.09E-09,1.86E-06,6.17E-06,severe-ENDO,myeloid
NME3,myeloid,-0.206596275,18.73160597,-5.11220891,3.42E-07,8.61E-05,0.000276008,severe-ENDO,myeloid
HCFC1R1,myeloid,-0.15350309,18.77993739,-3.522722168,0.000434653,0.040863161,0.08169553,severe-ENDO,myeloid
ZFHX3,myeloid,-0.159969012,18.75283947,-3.530978441,0.000421373,0.040423156,0.081155078,severe-ENDO,myeloid
CYBC1,myeloid,-0.127122002,18.54433062,-3.697054437,0.000222719,0.023438712,0.055150717,severe-ENDO,myeloid
GPI,myeloid,0.167871509,19.02889846,3.654740381,0.000262645,0.026839236,0.062080966,severe-ENDO,myeloid
HCK,myeloid,0.171801633,19.05384664,3.708297507,0.000213112,0.02276751,0.053622981,severe-ENDO,myeloid
CHMP4B,myeloid,0.164937962,18.89927246,3.989992065,6.79E-05,0.008259379,0.023379806,severe-ENDO,myeloid
USP9X,myeloid,-0.152261762,18.53484219,-3.926182895,8.86E-05,0.010498772,0.029406327,severe-ENDO,myeloid
ARMCX3,myeloid,-0.258694978,18.55110813,-6.516096964,8.67E-11,6.79E-08,2.25E-07,severe-ENDO,myeloid
MFF,myeloid,-0.167990313,18.70085276,-4.193310407,2.83E-05,0.015583844,0.041289672,all-ENDO,myeloid
PHF3,myeloid,-0.211264681,18.81751085,-4.61800298,4.04E-06,0.003214504,0.010720554,all-ENDO,myeloid
TSPAN3,myeloid,-0.241179451,18.69544322,-5.963464153,2.77E-09,9.91E-06,4.04E-05,all-ENDO,myeloid
NME3,myeloid,-0.208006451,18.73167494,-5.15281898,2.74E-07,0.000391873,0.001452133,all-ENDO,myeloid
ENSG00000285641.1,Prv,0.245642409,19.5737607,4.738909929,2.25E-06,0.001969295,0.001129571,severe-ENDO,mesenchymal
ATP6V1G2-DDX39B,Prv,-0.174157309,18.99181213,-4.5931932,4.54E-06,0.003759356,0.002053156,severe-ENDO,mesenchymal
MPLKIP,Prv,-0.158669313,18.65157419,-4.248187754,2.22E-05,0.013226913,0.007132273,severe-ENDO,mesenchymal
RAB2A,Prv,0.197486103,20.02830436,4.208154296,2.65E-05,0.014616344,0.00820723,severe-ENDO,mesenchymal
IPO7,Prv,-0.171349906,18.73891797,-4.369329653,1.29E-05,0.008721303,0.00474219,severe-ENDO,mesenchymal
CHD9,Prv,-0.166375326,18.8562448,-3.891596805,0.000101722,0.042093182,0.023782804,severe-ENDO,mesenchymal
KDELR1,Prv,0.182536827,20.23313986,3.841009419,0.000125029,0.046564034,0.027296504,severe-ENDO,mesenchymal
RRBP1,Prv,0.275371193,19.92627118,5.411074368,6.75E-08,0.000143669,5.42E-05,severe-ENDO,mesenchymal
ENSG00000285641.1,Prv,0.241126092,19.50370917,4.63270181,3.74E-06,0.005171091,0.005488843,all-ENDO,mesenchymal
ATP6V1G2-DDX39B,Prv,-0.176940598,18.95717802,-4.716621391,2.49E-06,0.004209367,0.004040461,all-ENDO,mesenchymal
MPLKIP,Prv,-0.159744766,18.62601348,-4.300513021,1.75E-05,0.01615405,0.017691652,all-ENDO,mesenchymal
RAB2A,Prv,0.194616688,19.95686727,4.052481659,5.17E-05,0.039389241,0.037027771,all-ENDO,mesenchymal
ATP5F1D,Prv,0.216518607,20.47148348,4.267660686,2.03E-05,0.017136028,0.020001286,all-ENDO,mesenchymal
EIF4G3,Prv-STEAP4,-0.187329971,18.59345076,-4.32561963,1.59E-05,0.009729951,0.029713042,severe-ENDO,mesenchymal
MACROH2A2,Prv-STEAP4,-0.165813475,18.54078375,-3.965935455,7.56E-05,0.029248348,0.094528357,severe-ENDO,mesenchymal
GRN,Prv-STEAP4,0.237826089,19.60837459,4.057911474,5.14E-05,0.021212462,0.071819086,severe-ENDO,mesenchymal
ATP5F1D,Prv-STEAP4,0.234296247,20.66763032,4.004568552,6.43E-05,0.025811325,0.083377326,severe-ENDO,mesenchymal
SDF2L1,Prv-STEAP4,0.214834825,18.91882966,4.070110082,4.88E-05,0.021212462,0.070031459,severe-ENDO,mesenchymal
EIF4G3,Prv-STEAP4,-0.18963312,18.57148701,-4.363098377,1.34E-05,0.019188502,0.080641133,all-ENDO,mesenchymal
PSMA7,Prv-STEAP4,0.299433289,20.43436507,4.764163497,2.01E-06,0.004120456,0.018182355,all-ENDO,mesenchymal
